<?xml version='1.0' encoding='UTF-8' ?>
<timeLogEntries>
  <time id="2" path="/Non Project/PSP Fundamentals &amp; Advanced/Program 1/Planning" start="@1486227088000" delta="27" />
  <time id="3" path="/Non Project/PSP Fundamentals &amp; Advanced/Program 1/Design" start="@1486242092000" delta="23" comment="Refrigerio." />
  <time id="4" path="/Non Project/PSP Fundamentals &amp; Advanced/Program 1/Design" start="@1486245284000" delta="38" />
  <time id="5" path="/Non Project/PSP Fundamentals &amp; Advanced/Program 1/Code" start="@1486247629000" delta="28" interrupt="4" comment="Fui al baño." />
  <time id="6" path="/Non Project/PSP Fundamentals &amp; Advanced/Program 1/Code" start="@1486250011000" delta="67" interrupt="14" comment="Me toco atender un problema con mi hijo, el cual pintó las cortinas con las acuarelas nuevas de la lista escolar." />
  <time id="7" path="/Non Project/PSP Fundamentals &amp; Advanced/Program 1/Compile" start="@1486254948000" delta="25" />
  <time id="8" path="/Non Project/PSP Fundamentals &amp; Advanced/Program 1/Test" start="@1486258462000" delta="5" />
  <time id="9" path="/Non Project/PSP Fundamentals &amp; Advanced/Program 1/Postmortem" start="@1486258772000" delta="8" />
  <time id="15" path="/Non Project/PSP Fundamentals &amp; Advanced/Program 2/Planning" start="@1487437074720" delta="95" />
  <time id="16" path="/Non Project/PSP Fundamentals &amp; Advanced/Program 2/Design" start="@1487442816852" delta="23" comment="Sali a almorzar" />
  <time id="17" path="/Non Project/PSP Fundamentals &amp; Advanced/Program 2/Design" start="@1487452877032" delta="10" />
  <time id="18" path="/Non Project/PSP Fundamentals &amp; Advanced/Program 2/Code" start="@1487454715685" delta="112" />
  <time id="19" path="/Non Project/PSP Fundamentals &amp; Advanced/Program 2/Compile" start="@1487461522720" delta="30" />
  <time id="20" path="/Non Project/PSP Fundamentals &amp; Advanced/Program 2/Postmortem" start="@1487464291000" delta="5" />
  <time id="21" path="/Non Project/PSP Fundamentals &amp; Advanced/Program 2/Test" start="@1487463407000" delta="15" />
  <time id="22" path="/Non Project/PSP Fundamentals &amp; Advanced/Program 3/Planning" start="@1488725336833" delta="42" comment="Desayuno" />
  <time id="23" path="/Non Project/PSP Fundamentals &amp; Advanced/Program 3/Design" start="@1488738606565" delta="22" />
  <time id="24" path="/Non Project/PSP Fundamentals &amp; Advanced/Program 3/Design Review" start="@1488739929300" delta="13" />
  <time id="25" path="/Non Project/PSP Fundamentals &amp; Advanced/Program 3/Code" start="@1488740689555" delta="46" comment="Sali a almorzar" />
  <time id="26" path="/Non Project/PSP Fundamentals &amp; Advanced/Program 3/Code" start="@1488745030645" delta="15" />
  <time id="27" path="/Non Project/PSP Fundamentals &amp; Advanced/Program 3/Code Review" start="@1488757989698" delta="23" />
  <time id="28" path="/Non Project/PSP Fundamentals &amp; Advanced/Program 3/Compile" start="@1488759410734" delta="6" comment="Fui al baño" />
  <time id="29" path="/Non Project/PSP Fundamentals &amp; Advanced/Program 3/Compile" start="@1488759784759" delta="2" />
  <time id="30" path="/Non Project/PSP Fundamentals &amp; Advanced/Program 3/Planning" start="@1488759900825" delta="1" />
  <time id="31" path="/Non Project/PSP Fundamentals &amp; Advanced/Program 3/Compile" start="@1488759935074" delta="5" />
  <time id="32" path="/Non Project/PSP Fundamentals &amp; Advanced/Program 3/Test" start="@1488760233307" delta="26" />
  <time id="33" path="/Non Project/PSP Fundamentals &amp; Advanced/Program 3/Postmortem" start="@1488761822319" delta="9" />
  <time id="34" path="/Non Project/PSP Fundamentals &amp; Advanced/Program 4/Planning" start="@1489877511213" delta="86" interrupt="4" comment="Fui al baño" />
  <time id="35" path="/Non Project/PSP Fundamentals &amp; Advanced/Program 4/Planning" start="@1489885006773" delta="46" />
  <time id="36" path="/Non Project/PSP Fundamentals &amp; Advanced/Program 3/Postmortem" start="@1489887763594" delta="15" />
  <time id="37" path="/Non Project/PSP Fundamentals &amp; Advanced/Program 4/Design" start="@1489889695342" delta="34" />
  <time id="38" path="/Non Project/PSP Fundamentals &amp; Advanced/Program 4/Design Review" start="@1489936290966" delta="10" />
  <time id="39" path="/Non Project/PSP Fundamentals &amp; Advanced/Program 4/Code" start="@1489936909902" delta="118" comment="Sali a almorzar" />
  <time id="40" path="/Non Project/PSP Fundamentals &amp; Advanced/Program 4/Code Review" start="@1489955762000" delta="26" />
  <time id="41" path="/Non Project/PSP Fundamentals &amp; Advanced/Program 4/Compile" start="@1489957339712" delta="15" />
  <time id="42" path="/Non Project/PSP Fundamentals &amp; Advanced/Program 4/Test" start="@1489958234327" delta="32" />
  <time id="43" path="/Non Project/PSP Fundamentals &amp; Advanced/Program 4/Postmortem" start="@1489960176957" delta="33" />
  <time id="44" path="/Non Project/PSP Fundamentals &amp; Advanced/Program 5/Planning" start="@1491153662081" delta="56" />
  <time id="45" path="/Non Project/PSP Fundamentals &amp; Advanced/Program 5/Design" start="@1491165107845" delta="62" />
  <time id="46" path="/Non Project/PSP Fundamentals &amp; Advanced/Program 5/Design Review" start="@1491170723933" delta="37" />
  <time id="47" path="/Non Project/PSP Fundamentals &amp; Advanced/Program 5/Code" start="@1491172940077" delta="58" interrupt="7" />
  <time id="48" path="/Non Project/PSP Fundamentals &amp; Advanced/Program 5/Code Review" start="@1491179865779" delta="20" />
  <time id="49" path="/Non Project/PSP Fundamentals &amp; Advanced/Program 5/Compile" start="@1491182173905" delta="17" />
  <time id="50" path="/Non Project/PSP Fundamentals &amp; Advanced/Program 5/Test" start="@1491183179815" delta="9" />
  <time id="51" path="/Non Project/PSP Fundamentals &amp; Advanced/Program 5/Postmortem" start="@1491184627408" delta="18" />
  <time id="52" path="/Non Project/PSP Fundamentals &amp; Advanced/Program 6/Planning" start="@1491692068435" delta="87" />
  <time id="53" path="/Non Project/PSP Fundamentals &amp; Advanced/Program 6/Design" start="@1491749042171" delta="82" />
  <time id="54" path="/Non Project/PSP Fundamentals &amp; Advanced/Program 6/Design Review" start="@1491754013000" delta="16" />
  <time id="55" path="/Non Project/PSP Fundamentals &amp; Advanced/Program 6/Code" start="@1491754972000" delta="84" />
  <time id="56" path="/Non Project/PSP Fundamentals &amp; Advanced/Program 6/Code Review" start="@1491759968000" delta="35" />
  <time id="57" path="/Non Project/PSP Fundamentals &amp; Advanced/Program 6/Compile" start="@1491762063000" delta="22" />
  <time id="58" path="/Non Project/PSP Fundamentals &amp; Advanced/Program 6/Test" start="@1491763407000" delta="11" />
  <time id="59" path="/Non Project/PSP Fundamentals &amp; Advanced/Program 6/Postmortem" start="@1491764090000" delta="18" />
  <time id="60" path="/Non Project/PSP Fundamentals &amp; Advanced/Program 7/Planning" start="@1492981333229" delta="66" interrupt="7" />
  <time id="61" path="/Non Project/PSP Fundamentals &amp; Advanced/Program 7/Design" start="@1492985698027" delta="50" />
  <time id="64" path="/Non Project/PSP Fundamentals &amp; Advanced/Program 7/Design Review" start="@1492989340042" delta="35" />
  <time id="65" path="/Non Project/PSP Fundamentals &amp; Advanced/Program 7/Code" start="@1492991446753" delta="71" interrupt="74" />
  <time id="66" path="/Non Project/PSP Fundamentals &amp; Advanced/Program 7/Code Review" start="@1493427836954" delta="33" />
  <time id="67" path="/Non Project/PSP Fundamentals &amp; Advanced/Program 7/Compile" start="@1493429795494" delta="9" />
  <time id="68" path="/Non Project/PSP Fundamentals &amp; Advanced/Program 7/Test" start="@1493430350463" delta="13" />
  <time id="69" path="/Non Project/PSP Fundamentals &amp; Advanced/Program 7/Postmortem" start="@1493431139878" delta="20" />
</timeLogEntries>
